pi1,pi2,gcv_dxy
1761.2777777777778,1141.4,1555.1666666666667
