Hs,Ht,Gst_est,Gprime_st,D_het,D_mean
0.12417757957102132,0.15930301379932438,0.22049447396237537,0.41254927598813246,0.08021131546529395,NA
