PC1,PC2,PC3
0.61498,0.26697,0.11805
