pi1,pi2,gcv_dxy
1182.1666666666667,1717.7333333333333,2025.75
