Hs,Ht,Gst_est,Gprime_st,D_het,D_mean
0.13386685013596641,0.1490642501418822,0.10195201056893667,0.213637972639933,0.035092525920065516,NA
